epoch,time,train/box_loss,train/cls_loss,train/dfl_loss,metrics/precision(B),metrics/recall(B),metrics/mAP50(B),metrics/mAP50-95(B),val/box_loss,val/cls_loss,val/dfl_loss,lr/pg0,lr/pg1,lr/pg2
1,12.003,1.49319,2.96598,0.99449,0.04311,0.9902,0.33542,0.17989,1.09852,3.14268,0.9344,0.00052,0.00052,0.00052
2,23.2952,1.29858,1.34013,0.91376,0.94786,0.89106,0.93441,0.53117,1.93818,2.05593,1.28182,0.0008851,0.0008851,0.0008851
3,34.3256,1.30799,1.30961,0.93053,0.92337,0.86275,0.90071,0.46769,1.92239,2.11699,1.39066,0.001072,0.001072,0.001072
4,49.7368,1.20262,1.06886,0.93894,0.92337,0.86275,0.90071,0.46769,1.92239,2.11699,1.39066,0.00101,0.00101,0.00101
5,69.1115,1.21038,0.97249,0.93339,0.9472,0.87946,0.94471,0.55013,1.94981,1.95515,1.38753,0.00068,0.00068,0.00068
6,93.5554,1.23614,1.02261,0.92968,0.96544,0.91176,0.95982,0.57835,1.91135,1.85039,1.37134,0.00035,0.00035,0.00035
